{
  "jsonrpc": "2.0",
  "id": 8323237001,
  "result": {
    "texts": [
      {
        "alternatives": [
          {
            "text": "\u60A8\u597D"
          },
          {
            "text": "\u5582"
          },
          {
            "text": "\u60A8\u597D\uFF01\u8BF7\u95EE\u60A8\u662F\u54EA\u4F4D\uFF1F"
          }
        ],
        "text": "\u4F60\u597D"
      }
    ],
    "lang": "EN",
    "lang_is_confident": false,
    "detectedLanguages": {
      "EN": 0.033642,
      "DE": 0.022031,
      "FR": 0.022087,
      "ES": 0.029092999999999999,
      "PT": 0.014530999999999999,
      "IT": 0.036368,
      "NL": 0.020176,
      "PL": 0.018101,
      "RU": 0.004854,
      "ZH": 0.011236999999999999,
      "JA": 0.011424,
      "BG": 0.0054269999999999999,
      "CS": 0.016331,
      "DA": 0.020051,
      "EL": 0.003434,
      "ET": 0.016395,
      "FI": 0.02853,
      "HU": 0.013397,
      "LT": 0.010787,
      "LV": 0.011009999999999999,
      "RO": 0.011908,
      "SK": 0.013508,
      "SL": 0.010354,
      "SV": 0.018779999999999999,
      "TR": 0.009271999999999999,
      "ID": 0.010582999999999999,
      "UK": 0.008799,
      "KO": 0.006612,
      "NB": 0.039327999999999998,
      "AR": 0.003365,
      "unsupported": 0.518586
    }
  }
}
